Query,Title,URL,Snippet
"Identify the industry in which Canoo operates, along with its size, growth rate, trends, and key players.","Canoo, the EV startup that scored a deal with the world's largest ...",fortune.com/2022/08/29/canoo-ev-startup-scored-deal-worlds-largest-retailer/,"Bing Guan—Bloomberg/Getty Images Good morning, The push for the use of electric vehicles in the U.S. is ramping up. Especially in California as the state just put a ban on gas-burning cars by 2035...."
"Identify the industry in which Canoo operates, along with its size, growth rate, trends, and key players.",Canoo - Wikipedia,en.wikipedia.org/wiki/Canoo,"[22] In mid-January 2021, The Verge reported that in the first half of 2020 Canoo had been in talks with Apple for a potential role in its secretive Titan car project. [23] [24] In May 2022, it was reported that Canoo was struggling to find funding, the company saying that it had only enough funding to operate for one more quarter. [25]"
"Identify the industry in which Canoo operates, along with its size, growth rate, trends, and key players.","CANOO TECHNOLOGIES Revenue, Growth & Competitor Profile - IncFact.com",incfact.com/company/canoo-torrance-ca/,"Big Fish Brain Power (IP) Company Profile & Annual Report for Canoo Technologies Access the complete profile. Canoo Technologies Fast Facts Note: Revenues for privately held companies are statistical evaluations. Canoo Technologies's annual revenues are over $500 million (see exact revenue data) and has 500-1,000 employees."
"Identify the industry in which Canoo operates, along with its size, growth rate, trends, and key players.",Canoo Sticks to 2023 Production Target | IndustryWeek,www.industryweek.com/leadership/companies-executives/article/21263239/canoo-sticks-to-2023-production-target,"Canoo Sticks to 2023 Production Target | IndustryWeek Technology & IIoT The electric vehicle startup had a tough 2022, but executives expect factories to have a production capability of 20,000 by the end of year."
"Identify the industry in which Canoo operates, along with its size, growth rate, trends, and key players.",Canoo Inc. (GOEV) Statistics & Valuation Metrics - Stock Analysis,stockanalysis.com/stocks/goev/statistics/,"Canoo has an Altman Z-Score of -6.03 and a Piotroski F-Score of 1. A Z-score under 3 suggests an increased risk of bankruptcy. Detailed statistics for Canoo Inc. (GOEV) stock, including valuation metrics, financial numbers, share information and more."
"Identify the industry in which Canoo operates, along with its size, growth rate, trends, and key players.",4 Things You Didn't Know About Canoo | The Motley Fool,www.fool.com/investing/2021/02/02/4-things-you-didnt-know-about-canoo/,"Image source: Getty Images. 1. Industry veterans are behind the wheel in the C-suite. Completing its merger with Hennessy Capital last month, Canoo may be new on the scene as a publicly traded ..."
"Identify the industry in which Canoo operates, along with its size, growth rate, trends, and key players.",Canoo: Changes In Business Strategy Change Our View (NASDAQ:GOEV),seekingalpha.com/article/4428915-canoo-changes-in-business-change-our-view,In a previous article we argued that electric-vehicle maker Canoo's ( NASDAQ: GOEV) differentiated technology and go-to-market model would position it favorably in the EV space. The company came...
"Identify the industry in which Canoo operates, along with its size, growth rate, trends, and key players.",Canoo finds path to 2023 deliveries with Oklahoma facility lease - Electrek,electrek.co/2023/04/10/canoo-goev-2023-customer-deliveries-leasing-oklahoma-manufacturing-facility/,"As a result, Canoo continues to zig-zag along its path toward scaled production, but funding remains a huge factor in its success. The company reported a net loss of $80.2 million for Q4 2022 ..."
"Identify the industry in which Canoo operates, along with its size, growth rate, trends, and key players.",Canoo Reports Fourth Quarter and Full Year 2020 Results,investors.canoo.com/news-presentations/press-releases/detail/52/canoo-reports-fourth-quarter-and-full-year-2020-results,The GAAP Net loss and comprehensive loss in the 4 th quarter of 2020 included a $ (115.4) million gain on fair value change of earnout right liability. Adjusted EBITDA of $ (42.5) million compared to $ (35.3) million in the prior year period. Net cash used in operations of $41.9 million compared to $43.7 million in the prior year period.
"Identify the industry in which Canoo operates, along with its size, growth rate, trends, and key players.",Canoo Increases Production Guidance and Targets for US Facilities,investors.canoo.com/news-presentations/press-releases/detail/75/canoo-increases-production-guidance-and-targets-for-us,"JUSTIN, Texas, Dec. 15, 2021 /PRNewswire/ -- Canoo Inc. (Nasdaq: GOEV) today announced it will accelerate and now shift production of its breakthrough electric vehicles from Europe to the United States."
"Identify the industry in which Canoo operates, along with its size, growth rate, trends, and key players.","Canoo production starts could slip, but CEO remains confident in ...",www.reuters.com/business/autos-transportation/canoo-production-starts-could-slip-ceo-remains-confident-funding-2022-05-18/,"DETROIT, May 18 (Reuters) - Start of production by electric vehicle maker Canoo Inc (GOEV.O) at its Arkansas and Oklahoma assembly plants could slip due to supply-chain pressures, but its..."
"Identify the industry in which Canoo operates, along with its size, growth rate, trends, and key players.","Canoo Accelerates Production Plans, Wins $100 Million in New Incentives",www.fool.com/investing/2021/11/16/canoo-earnings-q3-2021/,Canoo's third-quarter loss was narrower than expected. The company now plans to start production of its first model before Q4 2022. Plans to build a new headquarters in Arkansas and additional ...
"Identify the industry in which Canoo operates, along with its size, growth rate, trends, and key players.","Where Is Canoo Headed Tech-Wise, and How Fast Is It ... - MotorTrend",www.motortrend.com/news/canoo-technology-advances-motors-batteries-manufacturing/,"Canoo claims its total 12-volt operating system power draw is on the order of 200 watts, which favorably compares with some competitors' systems' 1-kW 12-volt draw. The system is also easily ..."
"Identify the industry in which Canoo operates, along with its size, growth rate, trends, and key players.",Canoo Adds Key Leadership To Accelerate Growth,investors.canoo.com/news-presentations/press-releases/detail/51/canoo-adds-key-leadership-to-accelerate-growth,"DALLAS, March 29, 2021 /PRNewswire/ -- Canoo Inc. (Nasdaq: GOEV), a Los Angeles-based mobility technology company developing breakthrough purpose built electric vehicles (EVs) with a proprietary and highly versatile multi-purpose platform architecture, has expanded its key leadership as it advances to commercialization."
"Identify the industry in which Canoo operates, along with its size, growth rate, trends, and key players.","How to Conduct an Industry Analysis? Steps, Template, Examples",www.appinio.com/en/blog/market-research/industry-analysis,"Industry analysis is the process of examining and evaluating the dynamics, trends, and competitive forces within a specific industry or market sector. It involves a comprehensive assessment of the factors that impact the performance and prospects of businesses operating within that industry."
"Identify the industry in which Canoo operates, along with its size, growth rate, trends, and key players.",Company Canoo Inc. - MarketScreener.com,www.marketscreener.com/quote/stock/CANOO-INC-57291647/company/,"19951 Mariner Avenue 90503, Torrance +424 271 2144 http://www.canoo.com Equities Canoo Inc.: Company profile, business summary, shareholders, managers, financial ratings, industry, sector and market information | Nasdaq: GOEV | Nasdaq"
"Identify the industry in which Canoo operates, along with its size, growth rate, trends, and key players.",Canoo Revenue 2019-2023 | GOEV | MacroTrends,www.macrotrends.net/stocks/charts/GOEV/canoo/revenue,"Canoo Holdings Ltd., formerly known as Hennessy Capital Acquisition Corp. IV, is based in NEW YORK. Canoo revenue from 2019 to 2023. Revenue can be defined as the amount of money a company receives from its customers in exchange for the sales of goods or services. Revenue is the top line item on an income statement from which all costs and ..."
"Identify the industry in which Canoo operates, along with its size, growth rate, trends, and key players.",2024 Canoo Lifestyle Vehicle First Drive Review: Rocking the Boat,www.motortrend.com/reviews/2024-canoo-lifestyle-vehicle-first-drive-review/,"It was set to 285 hp for our drive, and in a 4,750-pound vehicle with three people onboard, its weight-to-power was worse than that of a Chevy Bolt EV or Nissan Leaf. Canoo's 9.7:1 gear reduction ..."
"Identify the industry in which Canoo operates, along with its size, growth rate, trends, and key players.","Canoe and Kayak Market Growth, Size, Share, Trends, Analysis ...",www.databridgemarketresearch.com/reports/global-canoe-and-kayak-market,"Which region of the market is expected to witness the highest growth during the forecast period? Canoe and Kayak Market growth at a rate of 2.50% by 2029. It is divided by type, product type, applications, distribution channel, country, Industry Trends, & Forecast by 2029."
"Identify the industry in which Canoo operates, along with its size, growth rate, trends, and key players.",5 Things to Know About Canoo Stock | The Motley Fool,www.fool.com/investing/2023/09/16/5-things-to-know-about-canoo-stock/,"In some ways, Canoo looks like Wall Street trying to cash in on two investment fads at one time. 2. Canoo has yet to make a profit. One of the problems with a rush to take private companies public ..."
"Identify the industry in which Canoo operates, along with its size, growth rate, trends, and key players.",Industry Analysis - Top 3 Methods to Assess and Analyze an Industry,corporatefinanceinstitute.com/resources/management/industry-analysis-methods/,"This is the case in an industry with more competitors but with a single buyer constituting a large share of the industry's sales. 5. Threat of substitute goods/services. The industry is always competing with another industry producing a similar substitute product. Hence, all firms in an industry have potential competitors from other industries."
"Identify the industry in which Canoo operates, along with its size, growth rate, trends, and key players.",Introduction to Industry and Company Analysis - CFA Institute,www.cfainstitute.org/en/membership/professional-development/refresher-readings/introduction-industry-company-analysis,Company and industry analysis together can provide insight into sources of industry revenue growth and competitors' market shares and thus the future of an individual company's top-line growth and bottom-line profitability. Industry analysis is useful for: understanding a company's business and business environment; identifying active ...
"Identify the industry in which Canoo operates, along with its size, growth rate, trends, and key players.",Industry Analysis | Porter's Five Forces | Competition,learn.marsdd.com/article/industry-analysis-and-competition-using-porters-five-forces/,Porter's Five Forces Analysis The framework for the Five Forces Analysis consists of these competitive forces: (degree of competition among existing firms)—intense competition leads to reduced profit potential for companies in the same industry (products or services)—availability of substitute products will limit your ability to raise prices
